code,date,tas,pre,etp,qhmobs
3001,198501,-2.48787641525269,108.98095703125,12.3687629699707,33.804
3001,198502,4.6527533531189,107.144111633301,28.2409610748291,49.148
3001,198503,2.30034828186035,76.7871856689453,34.9603576660156,34.8411
3001,198504,6.91348838806152,81.4468841552734,61.6454925537109,26.8933
3001,198505,7.98184585571289,81.4963607788086,69.6400299072266,26.0337
3001,198506,15.5364799499512,26.0071468353271,102.432083129883,16.1467
3001,198507,20.0116863250732,22.2882862091064,148.980834960938,11.8952
3001,198508,18.1459789276123,1.26084756851196,111.735054016113,10.5016
3001,198509,15.8454465866089,11.6080942153931,82.0478668212891,9.6121
3001,198510,10.0698709487915,13.175271987915,48.6658363342285,3.0123
3001,198511,3.20738220214844,83.4934692382812,17.8992557525635,3.018
3001,198512,1.84142220020294,114.113998413086,15.1879634857178,4.591
3001,198601,0.591134607791901,85.2540817260742,15.074197769165,6.392
3001,198602,-1.11459279060364,132.766143798828,18.4686183929443,55.486
3001,198603,3.56451487541199,42.1714553833008,39.0196113586426,40.0561
3001,198604,2.59060788154602,115.45182800293,42.4962463378906,9.6593
3001,198605,12.2635402679443,46.5021934509277,92.4387359619141,8.2737
3001,198606,15.0483455657959,76.341178894043,106.247650146484,8.6317
3001,198607,18.4021911621094,32.6198272705078,147.127807617188,5.7172
3001,198608,17.52907371521,8.59818840026855,104.295188903809,5.6516
3001,198609,14.8021564483643,59.148307800293,66.4025268554688,4.7751
3001,198610,9.32841396331787,50.6878204345703,39.8832206726074,5.4493
3001,198611,3.73002147674561,42.670768737793,22.2861442565918,3.932
3001,198612,0.483005821704865,47.971321105957,14.6746168136597,4.196
3001,198701,-1.07776534557343,132.491592407227,14.6214685440063,16.654
3001,198702,0.744121849536896,73.6485137939453,21.4968776702881,27.105
3001,198703,4.81581687927246,15.3614635467529,42.1713638305664,13.4191
3001,198704,7.87539052963257,96.7806777954102,62.3750381469727,26.6423
3001,198705,9.98245048522949,64.2348175048828,85.995361328125,8.8667
3001,198706,14.8238916397095,28.5950393676758,105.271499633789,7.0907
3001,198707,17.5310840606689,73.7844314575195,128.929122924805,7.3802
3001,198708,19.2934608459473,5.10449171066284,106.902114868164,5.8816
3001,198709,16.9018516540527,14.9697523117065,80.0368728637695,4.5961
3001,198710,9.06544399261475,167.350997924805,34.6853790283203,8.3233
3001,198711,3.47032165527344,59.7276306152344,18.8421592712402,6.116
3001,198712,3.6620991230011,118.097068786621,16.8382377624512,18.205
3001,198801,2.07682490348816,146.153121948242,13.8697204589844,27.973
3001,198802,1.3316822052002,31.8483829498291,24.4377269744873,20.595
3001,198803,4.49729681015015,12.4531412124634,43.2528686523438,7.0031
3001,198804,5.79928731918335,153.1064453125,51.4357109069824,13.2753
3001,198805,9.11917018890381,108.211158752441,68.5012512207031,26.2187
3001,198806,11.7271642684937,216.817016601562,79.7913360595703,22.3907
3001,198807,18.0312442779541,14.2764921188354,139.538848876953,17.0932
3001,198808,18.4097900390625,13.6232166290283,106.77864074707,6.9196
3001,198809,14.4209718704224,17.1444282531738,76.0297622680664,4.2871
3001,198810,9.93472671508789,67.313346862793,45.9316711425781,5.0093
3001,198811,4.47222280502319,73.1758880615234,22.7203063964844,4.636
3001,198812,1.10414361953735,22.2189922332764,18.1375408172607,5.212
3001,198901,0.572582602500916,13.9875249862671,19.2858600616455,3.021
3001,198902,1.83680784702301,132.256225585938,26.9652900695801,9.72
3001,198903,6.18147230148315,59.4341697692871,46.9582710266113,25.5861
3001,198904,3.98581004142761,123.908149719238,46.9130897521973,30.8953
3001,198905,11.0041103363037,106.873596191406,86.1797943115234,16.6557
3001,198906,14.1448698043823,59.5911026000977,97.6336441040039,18.8747
3001,198907,19.2444591522217,43.6514434814453,152.042510986328,8.8312
3001,198908,19.0061149597168,38.2045402526855,104.889854431152,7.3436
3001,198909,12.9311809539795,54.2435035705566,64.9872817993164,5.9421
3001,198910,10.1684865951538,22.3444232940674,47.7476539611816,3.7243
3001,198911,5.30033445358276,118.323234558105,17.9221954345703,4.481
3001,198912,4.1616039276123,172.852142333984,14.036226272583,22.795
3001,199001,0.638354063034058,43.5173034667969,15.8791875839233,9.643
3001,199002,4.85658359527588,13.3845510482788,33.4123268127441,9.259
3001,199003,3.72908854484558,22.2084064483643,40.6615829467773,6.2801
3001,199004,4.60361862182617,63.587028503418,51.4375915527344,5.8223
3001,199005,11.9034395217896,27.3397617340088,84.0250244140625,5.1587
3001,199006,15.2402229309082,27.3657512664795,101.809387207031,4.0387
3001,199007,19.4125289916992,15.9369010925293,149.661666870117,4.3492
3001,199008,18.3030776977539,43.6896057128906,105.364059448242,4.3736
3001,199009,16.3450164794922,52.8030052185059,76.0831298828125,3.6461
3001,199010,9.38154315948486,172.519027709961,35.6877174377441,7.6223
3001,199011,3.35736918449402,74.8970336914062,19.4792194366455,11.114
3001,199012,-1.10621333122253,58.8753929138184,13.6089639663696,9.278
3001,199101,0.3253433406353,23.8269786834717,14.881236076355,11.26
3001,199102,-0.824948132038116,85.3117980957031,20.1501541137695,9.723
3001,199103,4.62771892547607,99.1432342529297,33.0623168945312,31.1061
3001,199104,4.59020757675171,133.089385986328,50.0826530456543,28.5183
3001,199105,7.6121973991394,56.0924873352051,69.9893951416016,11.6847
3001,199106,14.2393131256104,27.1632843017578,94.2668685913086,7.5357
3001,199107,17.8966827392578,51.7116355895996,141.05859375,6.5732
3001,199108,19.0903453826904,16.7561206817627,107.169540405273,5.3116
3001,199109,14.396297454834,129.639434814453,67.2973937988281,5.4381
3001,199110,6.39017772674561,90.7018280029297,33.0698623657227,8.2873
3001,199111,2.91019940376282,76.5097427368164,19.0570487976074,8.465
3001,199112,2.12155055999756,43.6911354064941,15.2843656539917,10.782
3001,199201,-1.42033874988556,12.7209072113037,16.2985515594482,6.074
3001,199202,1.10499215126038,29.7530288696289,27.9976100921631,4.912
3001,199203,3.60682988166809,51.7640419006348,37.8143196105957,5.5081
3001,199204,5.98847150802612,81.4509506225586,56.4805946350098,21.2733
3001,199205,10.3660955429077,104.803131103516,80.7060623168945,8.4417
3001,199206,8.84838962554932,68.6802520751953,68.0904998779297,8.8567
3001,199207,17.6814231872559,32.3484992980957,135.762176513672,7.2412
3001,199208,17.8208618164062,29.7507419586182,98.4496612548828,6.5496
3001,199209,14.2763967514038,30.27370262146,74.3091583251953,5.8291
3001,199210,6.78564786911011,169.450561523438,31.0376758575439,10.6333
3001,199211,6.63895463943481,16.5655212402344,23.3614025115967,10.153
3001,199212,1.17239105701447,91.7630615234375,14.6644449234009,14.593
3001,199301,2.76575493812561,6.5677604675293,23.047025680542,9.131
3001,199302,0.558437287807465,21.6476860046387,24.4715785980225,6.716
3001,199303,3.77566361427307,31.8422317504883,40.7312545776367,6.4271
3001,199304,5.2225489616394,68.8583526611328,53.1004371643066,6.9073
3001,199305,8.77406120300293,86.18359375,72.342903137207,11.6537
3001,199306,13.3843431472778,43.7126426696777,96.3846893310547,8.3977
3001,199307,17.2994976043701,7.73861074447632,141.023544311523,7.1322
3001,199308,18.1142520904541,3.05061888694763,103.616683959961,6.3566
3001,199309,11.936056137085,57.4062309265137,60.4315071105957,5.8001
3001,199310,5.43460702896118,196.65055847168,27.2972049713135,8.9533
3001,199311,3.53625059127808,53.1530838012695,19.1187191009521,9.577
3001,199312,3.67205691337585,29.2707176208496,16.2065925598145,6.409
3001,199401,0.579481840133667,71.3289566040039,16.2817974090576,14.18
3001,199402,1.81045937538147,60.2905883789062,24.0226573944092,8.386
3001,199403,8.00855445861816,8.4002513885498,50.5399284362793,8.3411
3001,199404,5.02792549133301,52.8648452758789,54.1451835632324,5.3893
3001,199405,11.3402824401855,57.0382347106934,82.6381072998047,5.5847
3001,199406,15.4347124099731,3.77452707290649,109.473106384277,4.3937
3001,199407,20.3562545776367,4.31023025512695,157.067886352539,4.2612
3001,199408,19.7351570129395,2.18337821960449,110.078201293945,4.0436
3001,199409,12.2688150405884,42.1187400817871,60.9892768859863,3.4211
3001,199410,9.45715427398682,117.368110656738,35.3448829650879,3.6993
3001,199411,7.45680379867554,85.4899063110352,24.3787879943848,8.594
3001,199412,3.1006875038147,55.9544677734375,16.2428321838379,3.526
3001,199501,1.6949737071991,53.3008117675781,15.3602638244629,8.947
3001,199502,4.34289312362671,46.9248046875,28.4728870391846,7.999
3001,199503,5.14746427536011,16.6801071166992,41.9477195739746,5.8371
3001,199504,7.40673828125,35.4478530883789,62.4867630004883,3.9293
3001,199505,11.3979272842407,77.3580856323242,83.186393737793,6.1687
3001,199506,14.0477323532104,89.0433883666992,93.0619277954102,3.9337
3001,199507,18.8907489776611,15.8806457519531,143.41780090332,4.3602
3001,199508,17.4344787597656,55.220401763916,96.1796875,4.2356
3001,199509,11.7337808609009,23.3997039794922,57.2645835876465,3.0431
3001,199510,11.3646297454834,10.196346282959,44.9449501037598,2.7913
3001,199511,6.58704662322998,103.64835357666,21.5385112762451,4.365
3001,199512,2.97358751296997,243.463684082031,13.0671873092651,39.792
3001,199601,2.30112767219543,164.565963745117,14.2662773132324,55.105
3001,199602,0.0347871333360672,72.7290954589844,22.2366542816162,27.15
3001,199603,3.9275209903717,42.6487922668457,37.0373992919922,8.5851
3001,199604,7.39852619171143,50.9221076965332,57.4660110473633,9.3723
3001,199605,9.63720893859863,104.792114257812,71.710563659668,12.7927
3001,199606,13.9404058456421,53.9989356994629,96.9010848999023,6.8197
3001,199607,15.9673385620117,37.7341117858887,140.630935668945,3.9362
3001,199608,15.399730682373,67.03271484375,96.7395629882812,3.1346
3001,199609,11.082275390625,50.5149345397949,62.9553337097168,2.5411
3001,199610,8.78433036804199,15.8257360458374,43.5409469604492,2.2893
3001,199611,4.20595502853394,185.357788085938,19.6788558959961,7.457
3001,199612,1.59256744384766,224.4033203125,12.2507419586182,47.737
3001,199701,1.08759105205536,176.083923339844,14.4459972381592,64.984
3001,199702,5.13911056518555,12.4253969192505,32.4156150817871,18.313
3001,199703,7.25580310821533,6.37694644927979,53.5858306884766,7.6861
3001,199704,8.23300457000732,53.1769371032715,65.6513061523438,4.6553
3001,199705,9.95472431182861,107.883666992188,77.9892807006836,6.5097
3001,199706,12.1677026748657,57.4641571044922,85.6758346557617,5.8347
3001,199707,14.6919593811035,47.8073348999023,127.620208740234,3.9842
3001,199708,16.1126003265381,62.1519432067871,98.2287750244141,3.3166
3001,199709,13.9124670028687,49.4451637268066,72.5914001464844,2.6951
3001,199710,10.236930847168,22.8540668487549,44.3163414001465,2.5243
3001,199711,4.14473295211792,207.237854003906,17.0114040374756,17.91
3001,199712,1.88853287696838,176.156143188477,13.7985439300537,56.166
3001,199801,1.92781293392181,42.4014205932617,16.1716804504395,16.271
3001,199802,4.59656572341919,33.469165802002,31.4431266784668,11.503
3001,199803,6.40353441238403,24.8026790618896,47.3621711730957,6.0661
3001,199804,4.11117935180664,118.12198638916,44.9829254150391,10.1113
3001,199805,8.60455322265625,131.079772949219,66.7620697021484,20.3737
3001,199806,14.7271337509155,17.6498641967773,102.853530883789,14.9997
3001,199807,18.8239250183105,12.0187768936157,144.261520385742,6.3342
3001,199808,18.9076843261719,59.2485466003418,100.331596374512,5.4286
3001,199809,14.7424564361572,37.1293182373047,64.7336273193359,3.9811
3001,199810,9.64326477050781,36.1955146789551,39.4413146972656,3.5223
3001,199811,4.38956308364868,47.7946434020996,20.0893287658691,3.324
3001,199812,1.21930205821991,42.3118705749512,16.5519409179688,2.951
3001,199901,1.716437458992,38.5958137512207,17.7513370513916,3.053
3001,199902,1.31560707092285,38.9881820678711,24.9076156616211,2.905
3001,199903,3.91164612770081,69.8708877563477,37.8381614685059,4.6931
3001,199904,6.26877641677856,65.1103515625,58.6386833190918,4.7723
3001,199905,12.0046730041504,64.3934936523438,81.1153869628906,5.4057
3001,199906,14.554669380188,113.487182617188,95.5037612915039,4.8607
3001,199907,18.5662498474121,48.0879440307617,142.405746459961,3.8422
3001,199908,18.9122772216797,7.69545602798462,100.275917053223,2.7386
3001,199909,14.375524520874,142.994583129883,59.7598533630371,3.8231
3001,199910,9.20213985443115,180.461959838867,36.3654899597168,20.6523
3001,199911,2.01561164855957,48.1884918212891,17.2075233459473,7.106
3001,199912,1.38221287727356,58.5511360168457,14.817777633667,9.199
3001,200001,-1.11383283138275,19.5979156494141,16.8896446228027,6.001
3001,200002,5.19123268127441,11.2271184921265,32.8542900085449,4.54
3001,200003,5.31370878219604,40.802677154541,42.4613800048828,3.6791
3001,200004,5.23054981231689,166.499069213867,46.044017791748,25.4753
3001,200005,12.0379257202148,116.507888793945,79.2286834716797,13.5157
3001,200006,15.5743541717529,26.1752643585205,101.268775939941,5.4337
3001,200007,18.0362091064453,7.10689878463745,133.246276855469,4.1552
3001,200008,18.7017154693604,3.03919219970703,98.4390182495117,3.5076
3001,200009,15.3332004547119,21.9511833190918,71.1147155761719,3.2201
3001,200010,8.7070426940918,110.96459197998,36.2422294616699,3.3213
3001,200011,3.49218392372131,129.854217529297,16.0444507598877,10.158
3001,200012,2.94584608078003,166.31640625,13.5154619216919,25.261
3001,200101,1.75483667850494,170.083343505859,13.8190011978149,61.146
3001,200102,2.03516602516174,55.4700126647949,24.3799343109131,27.649
3001,200103,7.02599143981934,180.083923339844,37.0160331726074,64.8101
3001,200104,6.73878622055054,26.4597873687744,56.9557800292969,9.8713
3001,200105,9.99716472625732,70.5413055419922,71.6770324707031,6.5907
3001,200106,16.7623615264893,6.38034915924072,106.647277832031,4.7437
3001,200107,17.8449001312256,8.59012222290039,135.718994140625,4.3652
3001,200108,18.9915103912354,32.4593276977539,100.934265136719,4.6306
3001,200109,14.1625556945801,76.7992553710938,67.0606842041016,3.9701
3001,200110,11.3724317550659,80.1889495849609,42.7108192443848,3.8843
3001,200111,2.00709176063538,14.9417428970337,18.4375133514404,3.323
3001,200112,-0.515450716018677,36.8983726501465,15.1652803421021,3.095
3001,200201,1.94595348834991,38.7215385437012,17.365198135376,3.408
3001,200202,3.92030382156372,28.3947906494141,30.0830364227295,3.422
3001,200203,4.96403884887695,83.8035583496094,39.3148803710938,7.3631
3001,200204,6.65311908721924,90.9801483154297,60.4951133728027,9.2363
3001,200205,9.53391170501709,84.5402221679688,74.4074172973633,9.8937
3001,200206,16.2554817199707,72.3505249023438,101.882606506348,5.3297
3001,200207,17.4128761291504,4.64189529418945,135.654525756836,4.6752
3001,200208,16.2506332397461,81.6074295043945,91.7308578491211,4.3236
3001,200209,13.040976524353,57.0743789672852,66.7442245483398,3.8011
3001,200210,9.55550003051758,104.564659118652,39.0303840637207,5.3923
3001,200211,4.86696338653564,143.483108520508,17.0712947845459,17.739
3001,200212,2.96242308616638,121.460311889648,12.6120653152466,25.797
3001,200301,-0.0977711528539658,125.834320068359,13.4983396530151,41.28
3001,200302,0.35988587141037,75.3473968505859,20.4543781280518,19.867
3001,200303,5.32840824127197,66.0763320922852,43.5197677612305,21.0291
3001,200304,6.52176666259766,48.6758995056152,54.9014778137207,14.1533
3001,200305,11.5113000869751,119.795852661133,84.6353378295898,17.3877
3001,200306,18.4562129974365,65.1757659912109,109.199645996094,7.5587
3001,200307,19.4824714660645,3.72357773780823,144.893600463867,6.8772
3001,200308,19.9442710876465,47.8131942749023,106.789352416992,5.9616
3001,200309,14.9389915466309,51.7494697570801,69.0655899047852,4.9351
3001,200310,8.04102325439453,210.744674682617,31.5920810699463,9.1953
3001,200311,5.4597053527832,67.7406311035156,18.9568767547607,18.384
3001,200312,1.36800837516785,49.2211036682129,13.1704273223877,13.728
3001,200401,2.52152705192566,40.3614845275879,15.9961557388306,10.279
3001,200402,2.12250065803528,62.3027954101562,25.7957382202148,10.357
3001,200403,3.42395496368408,82.6416244506836,34.2417030334473,16.6171
3001,200404,5.65742492675781,122.227203369141,49.2273750305176,27.6223
3001,200405,8.53126430511475,136.527496337891,62.9983558654785,38.3647
3001,200406,16.5932941436768,45.0267906188965,101.212661743164,12.7197
3001,200407,18.0733051300049,49.3094367980957,129.183715820312,9.2602
3001,200408,17.8672332763672,18.2835712432861,91.3771591186523,8.3276
3001,200409,16.0335788726807,39.0420722961426,71.0451278686523,6.9531
3001,200410,10.3027276992798,101.149597167969,36.4729537963867,4.4603
3001,200411,4.29516220092773,46.0993232727051,22.3278980255127,5.101
3001,200412,0.917074799537659,59.5102462768555,12.3398733139038,4.926
3001,200501,0.13667020201683,11.3928079605103,18.226655960083,3.723
3001,200502,-2.31340336799622,52.9968338012695,20.7909717559814,3.046
3001,200503,4.64238882064819,27.6444988250732,41.0770454406738,4.9401
3001,200504,7.5427131652832,37.9909210205078,55.5518836975098,5.0313
3001,200505,12.9679641723633,33.2523231506348,87.6802215576172,3.6047
3001,200506,17.5179882049561,94.6989364624023,107.084854125977,3.0277
3001,200507,19.6974906921387,10.8952770233154,142.654251098633,2.7642
3001,200508,19.0394954681396,4.19192600250244,102.319976806641,2.1966
3001,200509,13.6129589080811,41.7201957702637,66.7787475585938,1.8131
3001,200510,10.0217332839966,61.4744300842285,39.748592376709,1.5553
3001,200511,3.04374480247498,78.5158920288086,17.0162544250488,1.806
3001,200512,-0.286098688840866,110.17423248291,13.2718019485474,6.918
3001,200601,-0.982478737831116,35.1149749755859,14.1422290802002,5.602
3001,200602,0.25182893872261,75.9941482543945,24.2693977355957,3.541
3001,200603,4.98797178268433,75.490234375,37.7337036132812,24.9931
3001,200604,8.54211807250977,74.3878784179688,61.6189727783203,9.8363
3001,200605,12.8940486907959,44.306999206543,90.031852722168,6.9777
3001,200606,16.2797718048096,90.7481384277344,104.135749816895,4.8447
3001,200607,20.0029945373535,56.6492958068848,139.207534790039,4.5472
3001,200608,17.0291690826416,1.04396033287048,98.1072235107422,3.5946
3001,200609,15.5307741165161,102.456481933594,65.2216567993164,3.6541
3001,200610,11.6439332962036,127.422691345215,39.8661460876465,8.2983
3001,200611,7.29862880706787,66.7581939697266,22.4646835327148,5.876
3001,200612,0.978053152561188,48.1848297119141,14.702808380127,8.192
3001,200701,2.27854704856873,23.8838577270508,19.498571395874,3.923
3001,200702,3.77474737167358,113.747764587402,23.1856021881104,16.211
3001,200703,3.66408753395081,83.8085327148438,36.513973236084,10.0151
3001,200704,7.15607786178589,112.600257873535,55.2236557006836,26.1953
3001,200705,10.7503490447998,103.423309326172,77.3887329101562,14.6467
3001,200706,14.8115854263306,35.3513145446777,95.8482894897461,8.4467
3001,200707,18.3572692871094,1.50642967224121,144.438293457031,6.8082
3001,200708,17.763973236084,15.0404424667358,98.4041137695312,5.8426
3001,200709,14.8952789306641,43.5113716125488,70.2895965576172,4.9061
3001,200710,8.85693740844727,29.6517601013184,41.6299781799316,4.2853
3001,200711,4.17914295196533,43.9892845153809,25.2074813842773,3.68
3001,200712,1.44995546340942,32.5840034484863,15.7330265045166,2.999
3001,200801,3.5757577419281,61.1515693664551,18.8094692230225,4.278
3001,200802,3.76281213760376,48.4768371582031,29.2729530334473,2.931
3001,200803,5.19261932373047,37.0235824584961,42.1588020324707,2.6131
3001,200804,7.53824853897095,210.96809387207,58.0456733703613,25.0163
3001,200805,9.80587863922119,139.547424316406,69.2458648681641,14.9527
3001,200806,14.2780437469482,66.1160430908203,92.532600402832,13.3137
3001,200807,18.7431869506836,15.6582641601562,144.561614990234,6.6082
3001,200808,18.9239845275879,20.5969848632812,103.810768127441,4.9566
3001,200809,13.6022901535034,29.8301124572754,64.9675750732422,3.5521
3001,200810,8.89767074584961,191.465866088867,37.1815872192383,5.1113
3001,200811,2.25250911712646,56.534236907959,18.3127040863037,9.825
3001,200812,0.928313255310059,55.5503997802734,14.0691919326782,11.041
3001,200901,-0.355638861656189,102.55290222168,14.920597076416,19.741
3001,200902,2.0841076374054,45.8004989624023,27.5472946166992,19.177
3001,200903,5.83352947235107,61.5883903503418,48.3895797729492,11.8261
3001,200904,5.5850830078125,77.5711517333984,53.4146575927734,17.7253
3001,200905,13.2385606765747,47.8270835876465,96.2336730957031,8.8087
3001,200906,17.4333572387695,16.1161251068115,109.288040161133,6.4117
3001,200907,20.5800762176514,1.00484073162079,146.399490356445,5.7062
3001,200908,20.923526763916,29.7789897918701,106.545639038086,5.2006
3001,200909,14.4814157485962,47.853099822998,64.7345428466797,4.6531
3001,200910,11.9592170715332,43.9482192993164,47.6073722839355,3.1333
3001,200911,6.65175437927246,34.3384704589844,22.5740013122559,2.815
3001,200912,1.85272347927094,312.386566162109,14.6886920928955,28.418
3001,201001,0.12997941672802,110.24308013916,13.1848058700562,45.298
3001,201002,1.0809680223465,165.554779052734,20.9000148773193,34.776
3001,201003,2.63513159751892,89.9716949462891,33.0775566101074,31.2911
3001,201004,8.4337329864502,75.616943359375,61.795051574707,19.7303
3001,201005,9.14035511016846,94.6572875976562,73.0611877441406,18.5117
3001,201006,13.5877923965454,113.893142700195,86.30126953125,12.7907
3001,201007,20.3095626831055,24.8597507476807,152.8232421875,10.4762
3001,201008,18.7111072540283,36.2324104309082,102.649353027344,6.9836
3001,201009,14.1904277801514,59.9258346557617,64.9705581665039,5.6531
3005,198501,-0.48798543214798,80.7482070922852,14.4379434585571,75.978
3005,198502,4.52904415130615,66.8927536010742,26.6963691711426,105.95
3005,198503,2.98931527137756,46.4783477783203,36.6970443725586,78.7166
3005,198504,7.93043041229248,71.4284591674805,63.9507522583008,75.8388
3005,198505,9.40200424194336,82.7438812255859,76.762825012207,59.8112
3005,198506,16.4419498443604,33.0486907958984,113.801231384277,42.3632
3005,198507,21.0789108276367,20.6220703125,142.800918579102,28.2952
3005,198508,19.404935836792,3.91248464584351,125.133407592773,21.7906
3005,198509,17.7418251037598,9.92991542816162,90.9293899536133,18.9866
3005,198510,11.3981761932373,8.41214942932129,50.732666015625,20.3688
3005,198511,4.52647066116333,46.8833312988281,20.5949459075928,19.494
3005,198512,2.4184672832489,84.246826171875,15.8253679275513,20.184
3005,198601,0.917561769485474,39.6512336730957,14.9027681350708,30.102
3005,198602,0.682801485061646,104.779556274414,19.6381034851074,87.359
3005,198603,4.5757884979248,42.8022346496582,40.4167518615723,75.7406
3005,198604,4.54634046554565,96.411865234375,51.917366027832,62.9298
3005,198605,13.3883380889893,36.6894683837891,98.8056564331055,55.5812
3005,198606,16.9033184051514,30.070894241333,123.288352966309,32.0292
3005,198607,20.1254730224609,16.0857753753662,144.686538696289,23.2262
3005,198608,19.3906078338623,10.7428045272827,122.763198852539,14.7116
3005,198609,16.3445205688477,89.278678894043,73.3633270263672,18.8586
3005,198610,10.6278257369995,59.8251266479492,40.7989501953125,20.0878
3005,198611,4.47285842895508,38.2704086303711,23.0123252868652,16.938
3005,198612,1.30474007129669,36.4693183898926,15.2304086685181,17.216
3005,198701,0.694068253040314,114.700546264648,15.549147605896,37.669
3005,198702,1.87503814697266,56.2051849365234,22.2685871124268,68.352
3005,198703,5.63303470611572,6.71010208129883,45.6459808349609,50.8956
3005,198704,9.71236801147461,84.9714050292969,70.236930847168,82.7718
3005,198705,11.6511535644531,39.6174621582031,96.0507583618164,38.7162
3005,198706,16.6913242340088,13.5178422927856,122.044158935547,27.0732
3005,198707,18.9926872253418,81.9313125610352,125.084167480469,24.7532
3005,198708,21.0039176940918,3.19795942306519,125.048362731934,19.4616
3005,198709,18.1542186737061,24.6776847839355,88.2988357543945,14.8636
3005,198710,9.44131088256836,140.423858642578,35.9244270324707,22.3968
3005,198711,4.31706571578979,39.5601043701172,20.1251792907715,22.607
3005,198712,3.60021281242371,93.6325531005859,14.9922952651978,53.039
3005,198801,2.83257222175598,94.9107131958008,12.9294023513794,69.241
3005,198802,2.21696257591248,20.1110172271729,25.1198978424072,72.759
3005,198803,5.28808879852295,3.84703421592712,47.5976295471191,35.8866
3005,198804,7.63953590393066,132.38737487793,61.380973815918,57.1868
3005,198805,10.3360710144043,97.2165756225586,82.5193862915039,95.4672
3005,198806,13.6909599304199,205.670867919922,94.577033996582,109.0642
3005,198807,20.0609073638916,7.72963953018188,141.862335205078,85.1312
3005,198808,20.7399578094482,3.01029372215271,129.602401733398,38.7446
3005,198809,16.3292350769043,8.5055456161499,85.7557220458984,28.3956
3005,198810,11.5692758560181,50.6750183105469,49.467456817627,26.1998
3005,198811,5.97002792358398,36.9726486206055,25.7107429504395,22.517
3005,198812,1.77824974060059,4.85854387283325,18.0109462738037,22.124
3005,198901,1.77141308784485,9.89351081848145,20.064977645874,20.146
3005,198902,2.96712923049927,69.4432907104492,28.551248550415,20.548
3005,198903,6.95902872085571,34.473705291748,51.8753280639648,34.8786
3005,198904,6.83274412155151,111.350204467773,57.5499420166016,56.1878
3005,198905,13.3055324554443,131.442855834961,94.4851684570312,53.3162
3005,198906,17.4613418579102,40.3839149475098,117.475257873535,73.4342
3005,198907,22.3740520477295,21.4988498687744,154.998397827148,28.7012
3005,198908,21.7228374481201,6.31042909622192,129.627151489258,19.2746
3005,198909,14.6289100646973,20.5867576599121,70.3451385498047,21.0716
3005,198910,11.1436815261841,17.5500717163086,47.3708572387695,18.6438
3005,198911,7.68123579025269,97.821891784668,21.2828769683838,21.483
3005,198912,5.29176712036133,122.981399536133,13.6480550765991,73.438
3005,199001,2.52965569496155,43.9215393066406,17.1883602142334,47.091
3005,199002,6.6415114402771,5.34279537200928,35.4897880554199,41.558
3005,199003,5.59955739974976,12.3251094818115,45.0763893127441,30.5376
3005,199004,6.446692943573,44.5815658569336,57.850040435791,26.9538
3005,199005,13.2543172836304,17.5310688018799,98.6838607788086,21.5422
3005,199006,18.5580711364746,21.3711395263672,119.648620605469,17.1572
3005,199007,21.628454208374,8.03769016265869,146.156356811523,16.7402
3005,199008,21.6144409179688,46.6278038024902,122.336273193359,15.8866
3005,199009,17.1610374450684,75.9592056274414,75.1809768676758,16.4816
3005,199010,9.65623569488525,100.018653869629,35.5736618041992,24.9488
3005,199011,4.6876277923584,64.1468811035156,22.4386539459229,45.689
3005,199012,0.63397228717804,29.9575347900391,14.653980255127,42.313
3005,199101,0.713254272937775,16.7690677642822,14.4807224273682,43.422
3005,199102,1.18690812587738,61.0263595581055,22.0847206115723,44.912
3005,199103,5.93202447891235,72.2750701904297,38.7479438781738,119.8296
3005,199104,6.0344762802124,77.7445449829102,59.6424255371094,100.8218
3005,199105,9.14378643035889,34.4579849243164,79.5887298583984,59.7112
3005,199106,16.8413600921631,17.3766975402832,114.263023376465,42.4202
3005,199107,21.301155090332,25.1089286804199,144.968719482422,39.8632
3005,199108,22.5172119140625,7.18060445785522,127.021759033203,58.5216
3005,199109,16.7086982727051,129.632904052734,75.407844543457,53.7816
3005,199110,7.68632221221924,86.275764465332,34.5811538696289,34.2928
3005,199111,3.6994743347168,43.9405937194824,21.3429203033447,28.287
3005,199112,3.0654182434082,22.9011211395264,17.4316062927246,36.507
3005,199201,-0.039075817912817,8.76664543151855,17.353889465332,24.739
3005,199202,2.8005690574646,11.7862501144409,31.210319519043,20.108
3005,199203,5.75087404251099,27.9372882843018,47.481876373291,19.6846
3005,199204,9.09911346435547,46.5269012451172,72.2318801879883,56.6138
3005,199205,14.1952209472656,93.9284896850586,102.293357849121,24.9362
3005,199206,13.908634185791,64.2873840332031,97.0500717163086,26.2682
3005,199207,20.6473331451416,13.8686838150024,141.550628662109,20.8542
3005,199208,20.7677707672119,25.8551254272461,120.512718200684,17.5676
3005,199209,15.2931051254272,40.0497932434082,78.2169494628906,14.8776
3005,199210,7.90933847427368,129.61311340332,32.521312713623,23.4248
3005,199211,7.27086687088013,11.0019283294678,28.3597736358643,29.537
3005,199212,3.34941053390503,58.919734954834,15.4937229156494,38.08
3005,199301,2.58034420013428,4.44062328338623,22.3963832855225,25.549
3005,199302,1.59409880638123,9.49323654174805,25.6509571075439,19.161
3005,199303,4.72442817687988,29.3527488708496,42.3872299194336,19.3116
3005,199304,6.93387460708618,47.9270210266113,59.482593536377,18.8718
3005,199305,10.6015672683716,105.376129150391,77.220085144043,26.5112
3005,199306,15.2145099639893,53.9665489196777,103.679336547852,28.3822
3005,199307,19.9001598358154,4.01381683349609,136.202194213867,23.3412
3005,199308,20.757984161377,5.44743919372559,119.888610839844,19.5646
3005,199309,13.3726091384888,68.3701248168945,62.3109588623047,17.7886
3005,199310,7.70361661911011,166.024307250977,27.0194454193115,39.8778
3005,199311,4.21112251281738,44.1349487304688,20.4191074371338,51.602
3005,199312,3.69221925735474,13.2383480072021,16.7631912231445,26.848
3005,199401,1.49980711936951,63.6217308044434,15.7363138198853,76.929
3005,199402,2.99016070365906,38.4027137756348,25.160343170166,38.584
3005,199403,7.54957246780396,5.08428955078125,52.2870826721191,38.7786
3005,199404,6.69348430633545,27.4527797698975,61.5516929626465,26.5978
3005,199405,12.5048789978027,45.6660957336426,88.2192459106445,25.2212
3005,199406,16.8795509338379,5.72629547119141,120.44637298584,21.9172
3005,199407,23.9314651489258,4.00714063644409,160.726608276367,19.2172
3005,199408,22.5157051086426,1.71949887275696,127.860641479492,17.4506
3005,199409,13.6150808334351,31.0089130401611,69.3862762451172,15.5556
3005,199410,10.7199630737305,106.319892883301,38.5116500854492,14.3218
3005,199411,7.27716302871704,65.6267318725586,25.4193859100342,29.388
3005,199412,3.0684814453125,29.5849876403809,16.6754417419434,20.761
3005,199501,2.72874689102173,29.3868198394775,17.0289154052734,26.904
3005,199502,4.42774963378906,34.3189849853516,28.6703071594238,29.281
3005,199503,6.0770058631897,8.74978351593018,50.4488410949707,26.2996
3005,199504,7.88351440429688,28.0242347717285,72.0756912231445,21.7668
3005,199505,12.304328918457,68.0181732177734,91.5681381225586,24.4342
3005,199506,16.4513893127441,83.9335861206055,111.538543701172,21.0232
3005,199507,22.3010578155518,6.28898096084595,144.838714599609,19.1692
3005,199508,20.7102642059326,57.0021209716797,117.04084777832,16.4326
3005,199509,12.8410711288452,17.0575122833252,63.0773124694824,14.3456
3005,199510,12.4289979934692,9.11968898773193,48.5315017700195,13.4448
3005,199511,6.76917791366577,95.8660507202148,23.4483604431152,14.947
3005,199512,4.45144653320312,161.103530883789,14.7336273193359,54.152
3005,199601,4.24762678146362,124.515319824219,15.9303531646729,158.751
3005,199602,1.8738796710968,44.3334465026855,24.5381107330322,88.739
3005,199603,5.27788114547729,28.8995952606201,44.0402297973633,45.9126
3005,199604,8.78419017791748,36.1675148010254,70.3068008422852,44.1778
3005,199605,11.3147792816162,116.814926147461,85.6223373413086,58.0752
3005,199606,16.5388774871826,30.0133953094482,116.680076599121,35.0702
3005,199607,20.1160411834717,26.624195098877,137.817230224609,27.1032
3005,199608,19.0598316192627,47.212459564209,110.288856506348,22.4076
3005,199609,13.4286890029907,36.6537628173828,71.075553894043,18.3636
3005,199610,10.4226922988892,12.3050842285156,47.0580863952637,17.3518
3005,199611,5.73650503158569,123.568946838379,22.9143848419189,30.603
3005,199612,3.69714093208313,185.955276489258,13.4067068099976,127.602
3005,199701,2.61084222793579,135.648559570312,16.0305442810059,221.98
3005,199702,6.19330549240112,6.74701738357544,35.2996520996094,81.722
3005,199703,8.41437149047852,3.3620240688324,62.1696395874023,43.9986
3005,199704,10.3277034759521,51.6488990783691,77.9436340332031,31.9078
3005,199705,12.3582410812378,96.0019302368164,88.3945465087891,28.8942
3005,199706,15.7568778991699,45.3261032104492,92.5817489624023,39.1982
3005,199707,18.1895046234131,58.9601440429688,121.272148132324,27.2822
3005,199708,20.0675792694092,53.1627578735352,105.668884277344,22.0346
3005,199709,17.6146125793457,36.6741600036621,74.9324569702148,17.9816
3005,199710,12.4980745315552,41.7559394836426,44.5312194824219,16.8428
3005,199711,5.91243934631348,155.639205932617,19.7766647338867,46.766
3005,199712,2.92030239105225,126.489868164062,13.685772895813,119.659
3005,199801,3.21075940132141,29.2392692565918,16.2803993225098,73.738
3005,199802,6.09128761291504,16.0348739624023,32.8472633361816,46.788
3005,199803,8.2729024887085,13.1620578765869,52.3517570495605,32.7116
3005,199804,6.16468238830566,79.8763580322266,51.7709197998047,32.4838
3005,199805,11.3249454498291,122.731140136719,74.9834899902344,53.4822
3005,199806,17.8555965423584,16.1971302032471,113.712966918945,45.9262
3005,199807,20.9241104125977,8.36433982849121,136.556076049805,26.4532
3005,199808,21.1333999633789,33.6209869384766,115.649765014648,20.6626
3005,199809,16.1998481750488,48.8086891174316,67.9273071289062,17.3816
3005,199810,9.90723514556885,36.4514045715332,40.9592094421387,17.4908
3005,199811,5.25466918945312,36.3151512145996,22.6804809570312,17.147
3005,199812,1.81862056255341,24.8211002349854,17.854362487793,15.509
3005,199901,2.44504714012146,26.7721252441406,17.5459823608398,16.546
3005,199902,3.0663321018219,29.0685043334961,26.1534481048584,14.398
3005,199903,6.09944343566895,47.1974639892578,42.7207221984863,19.4046
3005,199904,8.67290592193604,54.1555557250977,66.2854156494141,16.2798
3005,199905,14.0636539459229,53.8077278137207,91.3168640136719,19.5442
3005,199906,17.2627563476562,65.02978515625,110.788482666016,18.2702
3005,199907,21.4134654998779,40.6753234863281,135.066848754883,15.2792
3005,199908,21.1458110809326,15.7120208740234,110.951499938965,13.3566
3005,199909,15.6796064376831,112.890655517578,65.4384002685547,13.7856
3005,199910,11.0008039474487,135.010726928711,35.9207725524902,40.4558
3005,199911,3.31375575065613,35.8931083679199,19.3205146789551,30.333
3005,199912,2.65255689620972,33.6575660705566,14.7919549942017,29.48
3005,200001,0.319660544395447,14.7940940856934,18.2761459350586,24.369
3005,200002,5.61801767349243,4.14789295196533,36.5681457519531,18.85
3005,200003,6.76252412796021,29.3190174102783,48.8615112304688,16.8466
3005,200004,6.97264194488525,137.455627441406,51.3982620239258,69.7268
3005,200005,14.1310453414917,73.0520782470703,91.1094284057617,55.2372
3005,200006,17.9398097991943,30.3103923797607,117.986618041992,24.7012
3005,200007,20.0445537567139,4.1661548614502,129.054336547852,19.4972
3005,200008,20.457763671875,1.4678510427475,112.987937927246,15.6226
3005,200009,16.4759998321533,21.9706840515137,78.6945495605469,13.7006
3005,200010,9.9205493927002,73.6576690673828,41.7322883605957,14.4998
3005,200011,4.64409494400024,109.090911865234,18.1966743469238,24.642
3005,200012,4.18044137954712,126.163368225098,13.9275979995728,61.265
3005,200101,3.73642873764038,128.423126220703,13.711724281311,170.068
3005,200102,3.5433497428894,26.9419364929199,27.7298774719238,100.61
3005,200103,8.56576251983643,121.480865478516,37.6641807556152,189.9736
3005,200104,8.58031558990479,15.4196529388428,66.5364761352539,51.7998
3005,200105,12.3115272521973,50.8796081542969,85.7252731323242,37.3772
3005,200106,18.731969833374,10.7686138153076,124.809989929199,24.3522
3005,200107,19.8481540679932,15.9307641983032,127.780120849609,22.2802
3005,200108,21.4243907928467,12.4080028533936,113.213241577148,18.9626
3005,200109,15.6814994812012,60.5210304260254,72.2860260009766,17.5326
3005,200110,12.8717622756958,79.6628189086914,40.4294853210449,18.9798
3005,200111,3.6564826965332,6.08722972869873,20.7866249084473,16.07
3005,200112,0.184332937002182,12.6905136108398,16.1197242736816,15.579
3005,200201,3.39591383934021,31.6747703552246,17.3858070373535,15.962
3005,200202,4.9928035736084,14.2285957336426,29.1486873626709,14.355
3005,200203,6.95765972137451,67.5728759765625,43.2873878479004,23.4576
3005,200204,8.54151630401611,59.4701347351074,66.23974609375,27.3818
3005,200205,11.245997428894,66.7091217041016,79.6247940063477,26.7422
3005,200206,18.3195381164551,72.5201950073242,114.973175048828,17.1472
3005,200207,19.7525634765625,4.76808786392212,127.725738525391,15.3542
3005,200208,18.8043994903564,56.6542663574219,102.271255493164,14.3846
3005,200209,15.2352247238159,47.2916450500488,69.8719787597656,12.7576
3005,200210,11.5181102752686,91.1267623901367,39.6024703979492,15.7508
3005,200211,6.84830760955811,95.7438049316406,19.4514923095703,35.471
3005,200212,4.79282569885254,72.9836883544922,14.826340675354,60.262
3005,200301,2.29841923713684,94.2310943603516,14.6570425033569,107.582
3005,200302,2.32835531234741,57.0899925231934,24.1807899475098,57.875
3005,200303,7.30452013015747,77.2087326049805,50.7203941345215,67.2586
3005,200304,7.7228832244873,41.6888542175293,60.1719627380371,63.5238
3005,200305,13.2927093505859,70.3832550048828,98.1751174926758,61.1802
3005,200306,19.7766017913818,33.34228515625,122.183540344238,30.0812
3005,200307,21.2207851409912,4.19012260437012,134.922988891602,22.7832
3005,200308,22.3352546691895,15.7257442474365,119.971809387207,20.1126
3005,200309,16.3297157287598,56.5024604797363,73.3908004760742,18.1376
3005,200310,9.45897960662842,159.571014404297,33.2736206054688,23.4018
3005,200311,6.318030834198,67.0178833007812,21.5335636138916,46.501
3005,200312,2.84146356582642,25.2206325531006,14.7375946044922,41.53
3005,200401,3.55288290977478,25.970817565918,17.5038394927979,27.24
3005,200402,3.17543315887451,51.6500244140625,27.8413047790527,26.684
3005,200403,4.4297308921814,61.1607055664062,37.4847068786621,43.8686
3005,200404,6.75131845474243,98.6156921386719,58.0627746582031,74.0208
3005,200405,10.2157344818115,90.9536209106445,75.6936569213867,113.5332
3005,200406,18.5618495941162,27.9517250061035,120.481689453125,42.9622
3005,200407,20.1307926177979,38.1330070495605,130.812316894531,27.7992
3005,200408,20.0665969848633,14.6007556915283,107.263374328613,22.5476
3005,200409,17.665994644165,37.8903961181641,80.3198776245117,18.2336
3005,200410,12.0800905227661,86.6713104248047,40.4725341796875,17.9988
3005,200411,5.2134256362915,33.0954170227051,23.9567966461182,17.935
3005,200412,2.92596864700317,33.4398422241211,14.2485723495483,18.325
3005,200501,1.5798796415329,6.92761421203613,19.302978515625,15.908
3005,200502,0.0772611498832703,24.959659576416,23.1638717651367,13.361
3005,200503,5.93573045730591,24.3341751098633,45.6849403381348,15.1006
3005,200504,9.30478954315186,26.690845489502,67.7185974121094,14.7988
3005,200505,14.6309270858765,39.9103813171387,100.130256652832,14.8732
3005,200506,19.8586673736572,46.504695892334,126.119262695312,12.6342
3005,200507,21.5159511566162,2.24415826797485,141.377883911133,13.1812
3005,200508,20.5582160949707,2.16636061668396,116.962173461914,12.2216
3005,200509,15.3341588973999,30.6861724853516,74.8199920654297,11.3046
3005,200510,11.5405473709106,72.4794540405273,42.0451545715332,12.3218
3005,200511,4.55612087249756,69.0403442382812,19.9363975524902,13.118
3005,200512,1.5772477388382,65.3046340942383,15.1506748199463,20.677
3005,200601,1.21031737327576,28.0862255096436,15.499457359314,19.65
3005,200602,1.82978761196136,47.6565437316895,26.0362701416016,15.544
3005,200603,6.462242603302,49.4342079162598,42.745979309082,52.9466
3005,200604,9.84108638763428,48.7687187194824,71.3670959472656,28.6058
3005,200605,14.6302061080933,21.2005825042725,101.215316772461,21.3322
3005,200606,18.4418792724609,87.5996017456055,120.624374389648,17.8932
3005,200607,22.3328838348389,28.9213085174561,139.733001708984,17.5702
3005,200608,18.6322784423828,9.47804355621338,110.844772338867,14.7976
3005,200609,16.6985340118408,86.5830459594727,72.3859710693359,14.6056
3005,200610,12.8898515701294,77.353401184082,41.9372100830078,20.8078
3005,200611,7.91114950180054,58.9953422546387,22.1790580749512,21.888
3005,200612,1.01452970504761,37.803108215332,14.8022108078003,30.337
3005,200701,2.6102466583252,19.9518051147461,18.6862812042236,19.367
3005,200702,5.84761953353882,80.1460266113281,25.8581981658936,39.615
3005,200703,5.81362819671631,45.6696586608887,42.8607940673828,33.3536
3005,200704,9.51607513427734,99.1953353881836,64.531364440918,67.6788
3005,200705,12.9927501678467,75.495849609375,87.8725204467773,48.1462
3005,200706,17.1577434539795,36.4052314758301,110.366851806641,29.6082
3005,200707,21.0679092407227,1.854407787323,140.005264282227,22.6322
3005,200708,20.489164352417,5.48542165756226,114.871040344238,18.2476
3005,200709,16.9696922302246,21.2530155181885,77.9705657958984,15.2326
3005,200710,10.8798980712891,35.7011489868164,43.9329795837402,15.2108
3005,200711,5.69811677932739,36.1380805969238,27.9911155700684,14.687
3005,200712,3.2486355304718,11.5259466171265,17.343132019043,14.362
3005,200801,5.11174964904785,41.7074813842773,20.8336181640625,15.318
3005,200802,6.0727071762085,43.7400169372559,31.9799633026123,14.218
3005,200803,6.61068868637085,21.3408050537109,46.607105255127,14.7376
3005,200804,10.005316734314,170.134704589844,68.9247894287109,68.0168
3005,200805,12.3072128295898,129.118942260742,79.4468078613281,53.1382
3005,200806,17.1319618225098,65.4774551391602,108.339729309082,51.4272
3005,200807,21.3434295654297,5.57183742523193,138.337356567383,28.0042
3005,200808,21.997579574585,11.059965133667,119.585067749023,20.5326
3005,200809,15.9407949447632,32.0042724609375,71.548957824707,17.8526
3005,200810,11.2638816833496,126.369941711426,41.2131576538086,19.0538
3005,200811,4.45684862136841,41.0302848815918,21.0842761993408,31.874
3005,200812,2.84271907806396,54.5290870666504,15.0635614395142,38.86
3005,200901,1.28559625148773,66.6387939453125,16.2554817199707,53.211
3005,200902,3.66684198379517,36.2125358581543,30.3493270874023,76.126
3005,200903,8.00840473175049,34.4106712341309,54.0386581420898,45.6026
3005,200904,7.34628438949585,67.9936981201172,62.5680046081543,52.5948
3005,200905,14.0714988708496,23.0451316833496,102.621696472168,34.1592
3005,200906,18.3407669067383,12.1439714431763,122.527381896973,25.6572
3005,200907,21.4294376373291,1.47977340221405,141.565856933594,21.7472
3005,200908,22.3548812866211,26.3842620849609,122.000709533691,19.7886
3005,200909,16.4287967681885,35.8268737792969,72.531135559082,16.4286
3005,200910,13.3657894134521,33.2802925109863,50.6502418518066,15.2558
3005,200911,8.07525253295898,26.1902885437012,25.4156532287598,13.753
3005,200912,3.42690300941467,195.652969360352,14.5175533294678,59.656
3005,201001,2.13102722167969,76.0537948608398,15.226939201355,149.096
3005,201002,3.27703905105591,98.9253387451172,24.0647659301758,98.523
3005,201003,4.97684669494629,87.0808944702148,41.1400413513184,122.5466
3005,201004,10.4007911682129,71.6979141235352,74.0792465209961,97.1298
3005,201005,11.4696455001831,81.9982986450195,87.6461181640625,90.6642
3005,201006,16.6369895935059,89.4614944458008,110.1728515625,54.6462
3005,201007,22.6000423431396,16.4155960083008,151.478561401367,42.2292
3005,201008,21.2636241912842,9.7507438659668,123.214065551758,30.8196
3005,201009,16.3815822601318,52.673526763916,77.8051071166992,25.4566
3030,198501,-1.11012005805969,27.0896091461182,13.105034828186,3.8
3030,198502,5.42553091049194,47.1597175598145,28.9511051177979,4.505
3030,198503,3.4312596321106,33.9463539123535,37.6180419921875,4.8155
3030,198504,8.11156749725342,30.4099178314209,66.79931640625,4.6235
3030,198505,9.33315372467041,74.210693359375,75.2940444946289,5.0115
3030,198506,16.4657115936279,28.9520530700684,111.064346313477,4.5175
3030,198507,20.949592590332,36.3295822143555,141.615417480469,4.213
3030,198508,19.1347198486328,2.51864409446716,122.023338317871,3.267
3030,198509,16.831823348999,5.68901777267456,85.6053161621094,2.9395
3030,198510,11.0413045883179,9.49640655517578,49.0877418518066,3.3005
3030,198511,4.19971942901611,31.9907531738281,19.3614063262939,3.542
3030,198512,2.63540124893188,43.0542106628418,15.7006072998047,3.674
3030,198601,1.54566073417664,38.3512344360352,15.0736436843872,3.426
3030,198602,0.359636008739471,71.1488037109375,19.2033634185791,4.636
3030,198603,4.37747144699097,34.5006256103516,41.3356018066406,4.0295
3030,198604,4.01820039749146,75.3947448730469,47.2785110473633,5.6625
3030,198605,13.3877410888672,44.4520492553711,96.0727157592773,5.4815
3030,198606,15.9916257858276,53.096378326416,115.039154052734,4.5405
3030,198607,19.4279708862305,16.3672218322754,141.298126220703,4.127
3030,198608,18.7252044677734,12.804178237915,115.047317504883,3.182
3030,198609,15.9418344497681,81.1406402587891,67.6355972290039,4.0595
3030,198610,10.7249507904053,76.8351898193359,39.784912109375,4.9935
3030,198611,4.77810573577881,28.7435092926025,23.1259727478027,3.785
3030,198612,1.52241599559784,17.5845546722412,15.2933521270752,3.571
3030,198701,0.136845231056213,82.7935180664062,14.4367809295654,7.584
3030,198702,1.80075550079346,50.1567535400391,21.8188819885254,10.837
3030,198703,5.62886953353882,7.24739217758179,44.6275444030762,7.4885
3030,198704,9.10796356201172,38.3938941955566,68.0456161499023,7.6705
3030,198705,10.6766920089722,47.0779609680176,88.6473236083984,6.1615
3030,198706,16.0181674957275,14.4654226303101,116.043281555176,4.4505
3030,198707,18.3842086791992,68.6805267333984,121.086685180664,4.546
3030,198708,20.5098075866699,5.6324028968811,118.205253601074,3.21
3030,198709,17.7954235076904,13.9903182983398,84.0195236206055,2.6785
3030,198710,10.1122360229492,96.5095138549805,36.3925247192383,3.4675
3030,198711,4.52098178863525,46.8604393005371,20.0000076293945,3.356
3030,198712,4.03351736068726,45.5931968688965,16.3022880554199,4.097
3030,198801,3.13345956802368,79.6203002929688,13.8734140396118,6.783
3030,198802,2.00443315505981,14.0067529678345,24.1167488098145,4.394
3030,198803,5.25187683105469,8.80918121337891,46.6517066955566,3.8485
3030,198804,7.29007863998413,123.537925720215,57.1738967895508,5.5225
3030,198805,10.3932886123657,88.123176574707,73.5768127441406,9.7135
3030,198806,12.8889961242676,152.702331542969,88.0675811767578,17.3695
3030,198807,18.8398914337158,5.52330112457275,134.170974731445,19.769
3030,198808,19.5437984466553,6.187659740448,119.440223693848,5.413
3030,198809,15.0418243408203,16.1981163024902,79.4333648681641,4.6745
3030,198810,10.9430332183838,52.9700889587402,47.3610572814941,5.5435
3030,198811,5.29559230804443,41.2727546691895,24.8810710906982,4.994
3030,198812,1.34035921096802,3.13136982917786,17.8524227142334,4.596
3030,198901,1.14346992969513,11.8608646392822,19.3895587921143,4.414
3030,198902,2.85808873176575,51.7687797546387,27.0629806518555,3.936
3030,198903,7.0411229133606,67.2897033691406,49.104923248291,4.9455
3030,198904,5.25464296340942,69.5021667480469,51.4106750488281,6.0985
3030,198905,11.8840322494507,105.250503540039,88.9598846435547,9.9625
3030,198906,15.1969051361084,56.4090118408203,105.974983215332,13.2115
3030,198907,20.0788097381592,42.257137298584,145.271835327148,5.921
3030,198908,20.0088996887207,24.7159519195557,114.862205505371,4.658
3030,198909,13.6468801498413,32.0987358093262,67.8234939575195,4.3535
3030,198910,10.8606090545654,6.81678485870361,48.1192092895508,3.6445
3030,198911,7.17795276641846,63.2015571594238,21.6713542938232,3.546
3030,198912,5.40529108047485,92.254020690918,14.251708984375,4.505
3030,199001,1.93144845962524,31.6864967346191,16.4116230010986,3.891
3030,199002,6.07042074203491,2.54953122138977,34.2333221435547,3.24
3030,199003,5.20300912857056,15.7839822769165,45.9121704101562,3.7295
3030,199004,5.5358304977417,24.7066669464111,55.5355339050293,3.5315
3030,199005,11.8507719039917,24.321704864502,94.4067687988281,2.8425
3030,199006,17.0955543518066,27.0137138366699,116.206695556641,2.9765
3030,199007,20.1164054870605,9.60271072387695,145.701766967773,2.872
3030,199008,19.5805320739746,35.4963569641113,116.35774230957,2.853
3030,199009,16.4885902404785,74.3762512207031,74.2001495361328,2.4355
3030,199010,9.66279697418213,76.2063751220703,36.1645050048828,2.5885
3030,199011,4.88218450546265,29.2419033050537,21.745231628418,2.816
3030,199012,0.121534541249275,24.1488265991211,14.3393430709839,3.168
3030,199101,0.58415299654007,14.469747543335,14.4691019058228,2.682
3030,199102,0.77527642250061,59.2677612304688,21.2046165466309,3.076
3030,199103,5.5579628944397,60.3787460327148,36.8839378356934,4.7545
3030,199104,5.63450336456299,94.1973495483398,57.4849052429199,13.9705
3030,199105,8.38125991821289,51.1454315185547,76.7773818969727,4.9505
3030,199106,16.31227684021,11.3360137939453,111.570724487305,4.3015
3030,199107,19.8333511352539,30.480037689209,141.493225097656,4.316
3030,199108,20.8964042663574,13.4037551879883,122.191551208496,3.629
3030,199109,16.2224864959717,109.411018371582,72.8963165283203,3.0375
3030,199110,7.7032208442688,41.8330001831055,35.1496620178223,3.2215
3030,199111,4.47575664520264,32.9218597412109,21.519567489624,3.03
3030,199112,2.87726926803589,35.3319931030273,15.9829530715942,3.458
3030,199201,-0.489212602376938,8.16267013549805,16.2946739196777,3.357
3030,199202,2.54029822349548,15.0127401351929,29.175989151001,3.187
3030,199203,4.55574893951416,32.7454261779785,42.1955184936523,3.4215
3030,199204,7.08609008789062,24.864673614502,62.7960968017578,3.8305
3030,199205,11.5992679595947,74.7106094360352,87.2777404785156,3.3675
3030,199206,11.7125930786133,62.8296546936035,84.8844833374023,3.5065
3030,199207,19.0588569641113,19.7707710266113,135.282302856445,3.252
3030,199208,19.9831428527832,38.7591857910156,113.280662536621,2.971
3030,199209,15.5201196670532,11.5188207626343,78.6202163696289,2.3735
3030,199210,7.90183973312378,94.3019943237305,31.494026184082,3.1525
3030,199211,7.6405725479126,6.59284973144531,26.994327545166,2.74
3030,199212,2.91611242294312,49.2610664367676,14.4275884628296,2.957
3030,199301,3.26917839050293,1.9488217830658,21.605447769165,2.737
3030,199302,1.45343720912933,19.6134185791016,24.1352100372314,2.393
3030,199303,4.96535587310791,26.9260425567627,42.4680786132812,2.5835
3030,199304,6.88594675064087,38.0473899841309,60.1869468688965,2.9055
3030,199305,10.8317260742188,59.6668891906738,78.2373657226562,2.5385
3030,199306,15.6007871627808,47.9097213745117,106.834808349609,2.2165
3030,199307,18.5110683441162,5.00972175598145,135.416030883789,2.024
3030,199308,19.9053707122803,2.62444663047791,115.135856628418,1.955
3030,199309,13.2184753417969,62.3666076660156,63.5896835327148,1.9725
3030,199310,6.91026926040649,108.904930114746,28.2524375915527,2.5745
3030,199311,4.30445671081543,18.5419235229492,19.7419528961182,2.57
3030,199312,3.81106567382812,13.8867511749268,16.1659355163574,2.219
3030,199401,1.49773192405701,34.698860168457,16.0879878997803,2.886
3030,199402,3.36970734596252,27.1004829406738,25.0152702331543,2.453
3030,199403,7.92622137069702,2.23657369613647,51.5468673706055,2.7285
3030,199404,5.99201393127441,35.2499237060547,56.2272033691406,2.3885
3030,199405,12.6165237426758,38.1063575744629,87.793586730957,2.4005
3030,199406,16.5980434417725,1.28165555000305,119.510887145996,2.4955
3030,199407,22.7224636077881,3.16010141372681,152.738342285156,2.251
3030,199408,21.6214199066162,1.74360835552216,121.970748901367,1.849
3030,199409,13.0438022613525,49.8838844299316,65.7018585205078,1.4875
3030,199410,10.3898792266846,81.6303634643555,36.2341842651367,1.8295
3030,199411,7.86710548400879,33.7668876647949,25.3819713592529,2.044
3030,199412,3.54578614234924,22.8093566894531,16.270076751709,1.563
3030,199501,2.51761603355408,15.8004913330078,16.2814540863037,1.555
3030,199502,5.11319208145142,13.9461126327515,29.3465003967285,1.533
3030,199503,5.24666833877563,9.02570056915283,46.8547554016113,1.6415
3030,199504,8.03378963470459,22.4444370269775,71.4321975708008,1.5345
3030,199505,12.5295324325562,72.9647216796875,90.9282913208008,2.2835
3030,199506,15.4294195175171,74.6826934814453,105.589164733887,2.2875
3030,199507,20.4257411956787,31.2595176696777,140.462142944336,3.516
3030,199508,18.4153022766113,71.6109466552734,106.401000976562,2.545
3030,199509,12.5375337600708,18.979133605957,62.3582077026367,1.9005
3030,199510,12.138614654541,8.2685604095459,47.1305770874023,1.5635
3030,199511,7.17239475250244,45.591968536377,23.1419010162354,1.848
3030,199512,3.58870649337769,98.0770950317383,13.9952087402344,2.796
3030,199601,3.9035918712616,84.3523941040039,15.4552688598633,6.006
3030,199602,1.30176091194153,39.2087860107422,22.9741878509521,3.737
3030,199603,4.81700849533081,18.3027210235596,41.6191520690918,2.4045
3030,199604,8.27919101715088,32.1674385070801,67.1712646484375,2.5875
3030,199605,10.8898124694824,87.7859191894531,81.4466781616211,4.7495
3030,199606,15.9819679260254,44.5295524597168,110.882858276367,3.7045
3030,199607,18.7625503540039,33.9699630737305,133.68571472168,3.608
3030,199608,17.6096000671387,56.4960098266602,101.580467224121,3.322
3030,199609,12.786810874939,35.3453025817871,65.5262908935547,2.8435
3030,199610,10.1693172454834,2.5955970287323,44.3810195922852,3.8765
3030,199611,5.55409383773804,103.19213104248,21.2235527038574,4.187
3030,199612,3.25902652740479,121.659423828125,12.9161205291748,8.345
3030,199701,2.28595638275146,87.4811325073242,14.9081239700317,19.745
3030,199702,6.35823440551758,4.23285055160522,33.0800933837891,7.113
3030,199703,8.3563985824585,0.765789389610291,57.3151206970215,6.1745
3030,199704,9.96672439575195,42.5984649658203,73.2349548339844,5.0965
3030,199705,11.9041624069214,96.6594619750977,83.560661315918,5.1345
3030,199706,14.5336055755615,44.5138511657715,94.9726257324219,7.1355
3030,199707,17.008731842041,67.1809234619141,121.269813537598,5.108
3030,199708,19.0293216705322,57.0377960205078,104.790840148926,4.244
3030,199709,16.4531898498535,38.6127052307129,74.2008209228516,3.7695
3030,199710,12.2339954376221,13.5568904876709,45.0106964111328,3.2235
3030,199711,5.89516067504883,81.5932998657227,18.8274192810059,3.923
3030,199712,2.91285991668701,86.6655044555664,13.9759206771851,5.666
3030,199801,3.20276808738708,31.7004203796387,16.6453533172607,5.603
3030,199802,5.65477180480957,10.080099105835,32.1104011535645,4.498
3030,199803,7.55086421966553,14.0708208084106,50.5300254821777,4.9535
3030,199804,6.00803089141846,57.9953918457031,52.4457244873047,4.8395
3030,199805,10.3930835723877,102.017318725586,73.6135101318359,5.6285
3030,199806,16.9468231201172,41.5359306335449,112.508338928223,7.0395
3030,199807,19.9493064880371,6.36501026153564,140.501739501953,5.81
3030,199808,19.5068817138672,60.5695915222168,114.143890380859,4.995
3030,199809,15.4301815032959,23.3819389343262,68.3649368286133,5.0585
3030,199810,9.39188194274902,40.7260055541992,40.2137870788574,3.8365
3030,199811,4.65955686569214,31.3294315338135,21.3649291992188,3.474
3030,199812,2.09482455253601,20.2448215484619,16.3650875091553,3.791
3030,199901,1.99555432796478,23.9817276000977,17.4285182952881,3.868
3030,199902,1.82466447353363,30.0970687866211,24.6601009368896,3.641
3030,199903,5.04427719116211,43.1452178955078,41.1457405090332,3.9205
3030,199904,7.62854194641113,41.6752471923828,64.781867980957,3.3075
3030,199905,13.474648475647,34.9931983947754,92.0536804199219,3.1825
3030,199906,16.1086082458496,85.259765625,108.24227142334,2.7445
3030,199907,19.7200832366943,70.0284576416016,136.652740478516,2.35
3030,199908,20.1963672637939,20.2185535430908,112.517211914062,2.32
3030,199909,15.0333385467529,88.3971862792969,65.9447174072266,2.7745
3030,199910,10.408317565918,75.5438003540039,37.7607612609863,2.7855
3030,199911,2.73984551429749,45.7387390136719,18.3448829650879,2.725
3030,199912,2.20378041267395,23.8861637115479,14.8322639465332,2.709
3030,200001,-0.135267972946167,13.9463005065918,16.5874881744385,2.738
3030,200002,5.98437881469727,1.50333321094513,34.1559867858887,2.505
3030,200003,6.16800928115845,29.3042240142822,47.5354919433594,2.8865
3030,200004,6.54679536819458,74.1678924560547,53.8752746582031,3.4115
3030,200005,13.2921466827393,73.693603515625,90.8732681274414,3.2765
3030,200006,17.2171535491943,31.9772605895996,118.751327514648,2.8715
3030,200007,19.049919128418,6.06325006484985,137.26628112793,2.803
3030,200008,19.7019844055176,6.87806701660156,116.23957824707,2.39
3030,200009,15.9578094482422,18.9256019592285,78.4665222167969,1.7745
3030,200010,9.48979473114014,89.4134292602539,38.1755867004395,2.0985
3030,200011,4.31625080108643,43.8702659606934,18.8373203277588,1.977
3030,200012,4.11125659942627,70.6072235107422,14.8468990325928,2.652
3030,200101,3.31228828430176,69.4335098266602,14.8263454437256,5.395
3030,200102,2.88208055496216,20.7969913482666,25.162935256958,4.64
3030,200103,8.38954830169678,68.6161575317383,41.2999000549316,8.2115
3030,200104,7.83733558654785,11.4748868942261,66.0255355834961,4.8445
3030,200105,11.3966331481934,43.1232643127441,83.5769348144531,4.3845
3030,200106,18.1007900238037,5.82496786117554,125.775367736816,3.6215
3030,200107,18.9318962097168,22.6386489868164,134.775360107422,3.903
3030,200108,20.4196491241455,23.5967807769775,114.147598266602,3.432
3030,200109,14.3718795776367,48.8922157287598,70.9863815307617,3.1355
3030,200110,12.3037071228027,39.865608215332,42.0060806274414,3.5505
3030,200111,2.61372113227844,9.67204093933105,19.672290802002,3.234
3030,200112,-0.66551399230957,15.4025964736938,15.2810764312744,3.359
3030,200201,3.19422221183777,21.5470485687256,17.6927108764648,3.107
3030,200202,4.58623361587524,10.9329090118408,29.3643112182617,2.652
3030,200203,6.20374870300293,44.7651100158691,41.8549919128418,3.2125
3030,200204,7.78740406036377,74.1957473754883,64.4577102661133,3.6335
3030,200205,10.4009857177734,78.922233581543,79.3011703491211,4.2725
3030,200206,17.7064151763916,70.9928283691406,115.245796203613,3.5645
3030,200207,18.5852108001709,6.83359622955322,130.646408081055,3.801
3030,200208,17.6184825897217,65.0947723388672,99.4102249145508,3.81
3030,200209,14.3638029098511,34.5565948486328,69.2332534790039,3.2095
3030,200210,10.5915269851685,82.0847778320312,40.0812759399414,2.4795
3030,200211,6.22876691818237,53.5734100341797,19.7027893066406,2.232
3030,200212,4.72521352767944,49.9205131530762,14.1514492034912,2.811
3030,200301,1.2884179353714,47.761848449707,14.2613506317139,3.874
3030,200302,1.63326859474182,45.237060546875,21.8723297119141,3.833
3030,200303,6.92317819595337,41.2979431152344,47.6156616210938,4.3625
3030,200304,8.05806732177734,33.4174728393555,63.195915222168,4.2235
3030,200305,12.3359937667847,129.269165039062,90.8570556640625,8.5975
3030,200306,19.6610488891602,42.3515930175781,122.117362976074,4.2225
3030,200307,20.4723110198975,7.05601024627686,141.216171264648,4.425
3030,200308,21.2945957183838,42.9923706054688,118.79515838623,4.098
3030,200309,15.2742023468018,48.8741302490234,70.024299621582,3.4215
3030,200310,9.18963432312012,91.7930755615234,33.7141418457031,3.3015
3030,200311,6.09365034103394,47.987434387207,21.6245403289795,3.452
3030,200312,2.74880313873291,15.2220973968506,14.6128606796265,3.426
3030,200401,3.54474759101868,18.7906684875488,17.9544105529785,3.533
3030,200402,3.34971117973328,36.3472328186035,27.3681774139404,3.42
3030,200403,4.34219455718994,75.4871215820312,37.4118576049805,5.0255
3030,200404,6.70334577560425,95.2307968139648,56.9499435424805,6.6765
3030,200405,9.89886093139648,111.190444946289,73.5963821411133,14.5615
3030,200406,17.9307308197021,42.406005859375,117.801879882812,5.8545
3030,200407,19.1154556274414,39.7180290222168,133.536407470703,5.343
3030,200408,19.1817684173584,20.9499053955078,107.852584838867,4.167
3030,200409,16.6140594482422,31.9101161956787,77.7507781982422,3.0545
3030,200410,11.6241865158081,42.6779632568359,41.3407821655273,2.8105
3030,200411,4.43531847000122,31.6234893798828,23.0073528289795,2.838
3030,200412,1.98352479934692,35.9426422119141,13.2131748199463,2.831
3030,200501,0.805436134338379,3.27224516868591,18.527135848999,2.758
3030,200502,-0.961342096328735,20.7199115753174,22.0850410461426,2.475
3030,200503,5.21656799316406,11.9469347000122,44.9040679931641,2.4325
3030,200504,8.6280574798584,25.7692184448242,66.8991851806641,2.2635
3030,200505,14.0130205154419,33.2251167297363,100.57251739502,2.1075
3030,200506,19.2469024658203,74.3879089355469,125.890083312988,2.2915
3030,200507,20.5671634674072,8.81686210632324,144.538055419922,2.258
3030,200508,19.5502796173096,7.11015796661377,116.132720947266,1.825
3030,200509,14.7883768081665,54.5232162475586,72.5069046020508,2.0165
3030,200510,11.3960056304932,40.7842102050781,43.222225189209,2.0015
3030,200511,4.53016996383667,70.9036483764648,19.8923797607422,2.064
3030,200512,1.17123937606812,53.807918548584,14.5537586212158,2.228
3030,200601,0.581810593605042,23.7777309417725,14.8802490234375,2.369
3030,200602,1.93451333045959,39.542610168457,25.779598236084,2.133
3030,200603,6.56428670883179,22.8102169036865,44.2512550354004,2.5585
3030,200604,9.76784610748291,33.3503761291504,73.1029968261719,2.4905
3030,200605,14.2728862762451,21.0168323516846,101.07080078125,2.3805
3030,200606,17.9393882751465,107.32266998291,120.133979797363,2.7015
3030,200607,21.5394611358643,43.6736297607422,141.05876159668,2.827
3030,200608,17.6947441101074,7.22570705413818,110.924102783203,2.138
3030,200609,16.3736896514893,95.0764236450195,71.8376693725586,2.1695
3030,200610,12.9797487258911,48.7832221984863,42.988166809082,1.9155
3030,200611,8.23823070526123,30.8725452423096,22.7762699127197,2.042
3030,200612,1.98425376415253,19.443042755127,15.2438936233521,2.183
3030,200701,2.87561225891113,16.3655433654785,18.955774307251,2.25
3030,200702,5.2119402885437,56.3432273864746,24.7284870147705,2.46
3030,200703,4.71096992492676,58.945556640625,40.345458984375,2.8105
3030,200704,8.04134941101074,95.5362396240234,60.3678512573242,6.9585
3030,200705,11.8094482421875,80.7070388793945,84.540283203125,4.6315
3030,200706,16.0072860717773,26.6090660095215,107.469009399414,3.6585
3030,200707,19.5045700073242,1.90093696117401,142.064895629883,3.607
3030,200708,18.855640411377,15.3770742416382,110.138931274414,2.788
3030,200709,15.3476972579956,16.7923545837402,73.5981216430664,2.3655
3030,200710,9.74906921386719,25.8649101257324,41.1039924621582,2.4855
3030,200711,4.56709814071655,8.9201717376709,25.9204845428467,2.429
3030,200712,2.32557916641235,21.258337020874,16.1911811828613,2.483
3030,200801,4.1860408782959,21.2714195251465,20.0490131378174,2.323
3030,200802,4.65093803405762,30.2043914794922,29.9423198699951,2.263
3030,200803,5.40811109542847,27.7458000183105,44.3375205993652,2.5235
3030,200804,8.64627361297607,104.895278930664,65.7833023071289,3.8955
3030,200805,11.1820812225342,144.827163696289,77.7634124755859,8.5105
3030,200806,15.117805480957,70.6695251464844,101.211708068848,6.5725
3030,200807,19.4989986419678,9.61569404602051,140.534133911133,4.296
3030,200808,20.0036544799805,10.2133150100708,115.790138244629,3.78
3030,200809,14.531867980957,24.3172798156738,69.7875061035156,2.6845
3030,200810,9.7473030090332,148.258712768555,39.1088714599609,3.7155
3030,200811,2.98280453681946,34.281665802002,19.4184608459473,5.406
3030,200812,1.61539709568024,28.9824237823486,14.1885890960693,4.581
3030,200901,0.684530198574066,38.779411315918,14.9034252166748,4.841
3030,200902,2.79253840446472,18.1261959075928,27.8250694274902,4.831
3030,200903,6.32967710494995,42.7283248901367,49.6177177429199,5.1695
3030,200904,6.5569634437561,51.8332672119141,59.3384246826172,5.5335
3030,200905,13.9513216018677,29.2392101287842,100.880424499512,4.3535
3030,200906,18.1428909301758,9.35346508026123,121.972969055176,3.9505
3030,200907,21.1507358551025,2.61875247955322,145.373458862305,4
3030,200908,21.5421848297119,48.9257431030273,119.811630249023,3.946
3030,200909,15.5293884277344,44.5924301147461,69.4272308349609,3.6015
3030,200910,12.6666383743286,16.5780601501465,48.2095336914062,2.6665
3030,200911,7.86102151870728,17.3016891479492,25.5729598999023,2.711
3030,200912,2.98626041412354,137.650299072266,15.0881633758545,4.751
3030,201001,1.22340106964111,58.2714347839355,13.7903900146484,10.554
3030,201002,2.38765001296997,59.7407035827637,21.7298927307129,7.575
3030,201003,4.20364141464233,58.9535598754883,38.0713500976562,11.1675
3030,201004,9.16604518890381,62.8988571166992,67.1403198242188,14.3435
3030,201005,10.0876150131226,73.2843017578125,79.4669494628906,13.6445
3030,201006,15.2334222793579,73.2667846679688,101.105308532715,8.3335
3030,201007,21.259895324707,23.5076732635498,144.315490722656,6.95
3030,201008,19.7661819458008,14.8160018920898,114.327003479004,6.355
3030,201009,15.3457403182983,55.5718955993652,70.9486541748047,5.5425
3268,198501,-2.68969082832336,54.3317909240723,12.0590019226074,4.057
3268,198502,4.57940816879272,60.5199165344238,28.5581150054932,5.171
3268,198503,2.38185620307922,44.7344245910645,35.9238204956055,5.0125
3268,198504,7.04424381256104,47.0079307556152,64.118293762207,4.3075
3268,198505,7.95208597183228,73.3936386108398,71.0379104614258,4.7935
3268,198506,15.5944795608521,26.3071594238281,108.728591918945,3.5335
3268,198507,20.0199413299561,33.8868408203125,141.448028564453,2.46
3268,198508,18.1014804840088,1.96831929683685,120.63688659668,1.911
3268,198509,15.7342004776001,4.95211029052734,84.0022659301758,1.5635
3268,198510,10.0261011123657,11.3577003479004,49.286865234375,1.4335
3268,198511,3.10009264945984,38.6047592163086,18.5425586700439,1.293
3268,198512,1.6187310218811,99.7105407714844,15.0538930892944,1.337
3268,198601,0.762776076793671,66.5565948486328,15.1485986709595,1.337
3268,198602,-1.42901420593262,89.6891784667969,18.5856132507324,3.824
3268,198603,3.57442569732666,38.3835716247559,40.3419647216797,3.6295
3268,198604,2.68289947509766,84.051025390625,44.2116165161133,4.4425
3268,198605,12.2659206390381,39.0707550048828,94.3419570922852,4.3415
3268,198606,15.0442361831665,74.274284362793,112.09782409668,3.3865
3268,198607,18.4898071289062,17.8010997772217,140.045700073242,2.592
3268,198608,17.7673416137695,5.18608427047729,113.072982788086,2.001
3268,198609,15.0484867095947,78.349967956543,67.1769790649414,1.5595
3268,198610,9.62480068206787,62.4175148010254,39.9635467529297,1.6805
3268,198611,3.98999333381653,34.1418113708496,22.7451572418213,1.496
3268,198612,0.531693935394287,34.8354797363281,14.6143054962158,1.077
3268,198701,-1.3781658411026,119.511161804199,14.0976753234863,2.326
3268,198702,0.712073683738708,57.3955955505371,21.5875186920166,4.74
3268,198703,4.89621925354004,4.78031873703003,43.638988494873,4.0225
3268,198704,7.88940191268921,60.6184234619141,63.9799537658691,5.4645
3268,198705,9.76575565338135,47.8746337890625,86.0630035400391,3.3495
3268,198706,14.9860019683838,16.4876861572266,111.918785095215,2.2355
3268,198707,17.6194629669189,76.6624603271484,121.338447570801,2.19
3268,198708,19.4938659667969,4.22044801712036,116.003593444824,1.815
3268,198709,17.0298099517822,9.56762981414795,82.6437454223633,1.0875
3268,198710,9.31364154815674,135.003433227539,35.2854232788086,2.3115
3268,198711,3.50737762451172,45.1242942810059,19.4702377319336,2.583
3268,198712,3.78012990951538,73.2863693237305,17.1906185150146,3.897
3268,198801,2.13369154930115,102.502265930176,13.5324048995972,7.349
3268,198802,1.35676097869873,15.7392883300781,24.3774108886719,4.744
3268,198803,4.60676336288452,6.81486463546753,44.4971656799316,3.7575
3268,198804,6.03357124328613,144.643432617188,52.8070335388184,5.5175
3268,198805,9.35259437561035,102.698219299316,70.0933074951172,8.7395
3268,198806,11.944483757019,179.223251342773,83.7783584594727,8.5845
3268,198807,18.2886905670166,4.23982286453247,133.510345458984,5.15
3268,198808,18.7042045593262,10.562442779541,116.632331848145,1.985
3268,198809,14.3205995559692,21.3165988922119,76.9454498291016,1.7245
3268,198810,9.95438385009766,57.0915374755859,46.578784942627,0.7975
3268,198811,4.49246025085449,56.6267738342285,23.8009033203125,0.969
3268,198812,0.986015379428864,8.32219696044922,18.0670928955078,1.04
3268,198901,0.364162921905518,8.67046165466309,18.8517379760742,1.199
3268,198902,1.71162247657776,71.7701110839844,26.6136684417725,1.494
3268,198903,6.19521045684814,62.4846305847168,47.8217620849609,2.5635
3268,198904,3.90282678604126,83.2879943847656,47.3961067199707,4.1065
3268,198905,10.9868974685669,132.428512573242,86.7652740478516,5.4435
3268,198906,14.0988397598267,53.655460357666,101.387855529785,4.9405
3268,198907,19.3762187957764,34.7585792541504,143.622543334961,2.365
3268,198908,19.261100769043,19.2118396759033,112.476593017578,1.611
3268,198909,12.9882955551147,40.711254119873,66.2762222290039,1.2995
3268,198910,10.2881650924683,11.6154136657715,48.7690315246582,1.1485
3268,198911,6.2450065612793,92.0642929077148,20.9799709320068,1.185
3268,198912,4.45276880264282,129.211166381836,14.632417678833,3.484
3268,199001,0.774341762065887,37.2602386474609,16.1511306762695,3.021
3268,199002,4.72176074981689,4.21969509124756,33.0670890808105,1.981
3268,199003,3.96025514602661,15.8924951553345,43.0276527404785,2.4035
3268,199004,4.45912408828735,39.9644317626953,52.4245719909668,2.5075
3268,199005,11.0227298736572,20.7800273895264,89.5842590332031,2.0345
3268,199006,15.7718286514282,25.631103515625,110.681327819824,0.8865
3268,199007,19.3309116363525,9.76235866546631,143.386077880859,1.001
3268,199008,18.51025390625,36.1279144287109,113.641860961914,0.99
3268,199009,15.8516635894775,65.9251327514648,74.2439041137695,1.2595
3268,199010,8.86935901641846,114.155853271484,35.6114158630371,2.1475
3268,199011,3.85366463661194,48.2056427001953,21.1316184997559,2.531
3268,199012,-0.877406418323517,38.827205657959,13.8084812164307,1.945
3268,199101,-0.13617978990078,15.0222263336182,14.1271476745605,2.285
3268,199102,-0.64189612865448,75.224006652832,21.2160148620605,2.118
3268,199103,4.22227764129639,67.1860198974609,34.7540512084961,7.4925
3268,199104,4.71921873092651,108.715759277344,54.9674224853516,10.5185
3268,199105,7.71354722976685,50.3696975708008,75.2114334106445,4.5255
3268,199106,14.9745559692383,15.3972778320312,107.200973510742,3.0845
3268,199107,18.8065280914307,34.7465286254883,141.166931152344,1.796
3268,199108,19.8231525421143,12.171070098877,120.999794006348,1.741
3268,199109,15.3486614227295,123.327705383301,73.0086822509766,1.5115
3268,199110,6.77899169921875,67.5141677856445,34.9948883056641,1.1935
3268,199111,3.42402696609497,53.7031860351562,20.7917022705078,1.17
3268,199112,1.96408128738403,39.9667625427246,15.9423274993896,2.526
3268,199201,-1.70946669578552,8.92299365997314,16.1111526489258,1.654
3268,199202,1.31233870983124,19.93630027771,28.7493839263916,1.311
3268,199203,3.26758813858032,45.323299407959,39.2065124511719,1.1945
3268,199204,6.24964189529419,40.9815940856934,60.7072792053223,4.4075
3268,199205,10.7613821029663,81.2638549804688,85.773681640625,3.5095
3268,199206,10.1709642410278,64.4622802734375,82.8782501220703,2.8505
3268,199207,18.0734386444092,24.4802360534668,132.702972412109,2.654
3268,199208,18.8811492919922,27.4589328765869,112.11181640625,2.015
3268,199209,14.7398824691772,16.1918106079102,78.0110931396484,1.3885
3268,199210,6.50739336013794,136.353652954102,30.8832397460938,1.3545
3268,199211,6.35931205749512,6.97545576095581,26.0356845855713,1.133
3268,199212,1.05301904678345,65.7451019287109,14.1724300384521,1.118
3268,199301,2.33745408058167,3.74339389801025,21.7732048034668,1.539
3268,199302,0.0999457761645317,17.933422088623,24.155387878418,1.659
3268,199303,3.50009179115295,27.5247116088867,40.8584175109863,1.3605
3268,199304,5.49983644485474,48.195556640625,55.7510108947754,1.1945
3268,199305,9.08945465087891,68.0496368408203,73.6819534301758,1.4455
3268,199306,13.8891706466675,50.250358581543,102.08576965332,1.2025
3268,199307,17.3746948242188,6.76183223724365,134.927719116211,1.104
3268,199308,18.6564750671387,1.92355847358704,112.456871032715,1.086
3268,199309,11.8863515853882,65.0362396240234,60.9883880615234,1.1615
3268,199310,5.26221418380737,164.631408691406,27.4043483734131,1.5965
3268,199311,3.19136810302734,33.7038650512695,18.7915859222412,1.813
3268,199312,2.75820088386536,20.2751579284668,15.2900047302246,1.583
3268,199401,0.0302599668502808,51.2984275817871,15.727952003479,3.755
3268,199402,1.47801864147186,39.5355453491211,23.8305206298828,2.471
3268,199403,6.93633699417114,1.65454280376434,49.3046913146973,2.4625
3268,199404,4.56254911422729,44.0360870361328,52.642879486084,1.9995
3268,199405,10.9992628097534,40.7995147705078,81.0956726074219,2.0795
3268,199406,15.1221380233765,2.21271371841431,112.425773620605,1.6995
3268,199407,21.0413608551025,4.41577625274658,149.137710571289,1.693
3268,199408,20.1470470428467,1.06759715080261,118.445877075195,1.14
3268,199409,12.0931367874146,38.4863166809082,62.9242057800293,1.0015
3268,199410,9.54985904693604,103.111282348633,35.3624801635742,0.8415
3268,199411,7.14064025878906,53.910213470459,24.7250595092773,0.749
3268,199412,2.52306127548218,38.979866027832,15.7629947662354,0.79
3268,199501,1.21285319328308,28.5588665008545,15.8480262756348,0.893
3268,199502,3.54960107803345,29.0544548034668,28.2905254364014,0.937
3268,199503,4.14287042617798,8.35635375976562,42.9574851989746,1.1505
3268,199504,6.94672346115112,28.0321006774902,63.8461570739746,0.9775
3268,199505,11.3141384124756,77.9018936157227,84.8296051025391,1.1365
3268,199506,14.001766204834,93.4906692504883,99.9194183349609,0.9855
3268,199507,19.1651191711426,22.6682147979736,136.573699951172,1.198
3268,199508,17.2086009979248,53.3087882995605,102.576301574707,1.017
3268,199509,11.532036781311,17.6992950439453,58.6031112670898,1.0945
3268,199510,11.2264566421509,5.263831615448,46.3363189697266,1.0555
3268,199511,6.47592639923096,76.9616012573242,22.233304977417,0.981
3268,199512,2.47493243217468,160.258590698242,13.0023822784424,1.769
3268,199601,2.1161162853241,112.567817687988,14.4514322280884,7.406
3268,199602,-0.412267714738846,53.8487358093262,21.9259052276611,4.711
3268,199603,3.39127063751221,23.7886180877686,37.4442939758301,3.7755
3268,199604,7.08039903640747,37.8937644958496,60.6485939025879,3.6425
3268,199605,9.45088672637939,90.6686172485352,73.7298812866211,3.4915
3268,199606,14.2965173721313,56.9367408752441,104.012298583984,1.9765
3268,199607,16.9445495605469,39.1822242736816,133.447555541992,1.538
3268,199608,15.8431529998779,57.6592788696289,101.430419921875,1.654
3268,199609,11.0971994400024,42.0049934387207,62.741943359375,1.4235
3268,199610,8.70838642120361,4.60706806182861,43.4858322143555,0.9785
3268,199611,4.18187475204468,158.241455078125,19.6041526794434,2.027
3268,199612,1.50006508827209,179.613159179688,11.80237865448,8.292
3268,199701,1.23469960689545,128.685287475586,15.1682090759277,16.762
3268,199702,4.67426872253418,6.20659065246582,32.8152694702148,5.204
3268,199703,6.55511808395386,1.25771069526672,55.6913414001465,3.4355
3268,199704,8.28768730163574,38.9213943481445,69.1574630737305,2.6735
3268,199705,10.587197303772,105.251495361328,80.2397003173828,2.4175
3268,199706,12.9255132675171,41.9957122802734,90.5338745117188,2.3715
3268,199707,15.4766139984131,52.7474403381348,120.331260681152,1.907
3268,199708,17.2294178009033,46.8385009765625,104.639686584473,1.601
3268,199709,14.8285484313965,44.6795387268066,74.0846405029297,1.4675
3268,199710,10.5844411849976,11.7694807052612,44.773193359375,1.5185
3268,199711,4.40572452545166,155.519271850586,17.3423881530762,2.108
3268,199712,1.43875515460968,142.149002075195,13.5924291610718,9.151
3268,199801,1.6945207118988,31.4324512481689,16.6272087097168,5.639
3268,199802,4.15088891983032,18.3706207275391,31.9755687713623,3.593
3268,199803,5.87355375289917,12.1177854537964,48.6280517578125,2.6475
3268,199804,4.28831005096436,87.784538269043,46.9474449157715,2.1975
3268,199805,8.82686805725098,116.526580810547,67.6847076416016,6.8345
3268,199806,15.1042833328247,23.4121513366699,107.157852172852,5.2575
3268,199807,18.7927494049072,19.1470527648926,137.984558105469,2.632
3268,199808,18.462287902832,55.3320922851562,111.523765563965,1.852
3268,199809,14.5223188400269,31.8044528961182,68.2654647827148,1.5925
3268,199810,8.54817867279053,30.0968170166016,40.0059013366699,1.5555
3268,199811,3.62933731079102,40.089038848877,20.3116912841797,1.319
3268,199812,0.504304766654968,26.1058902740479,16.4917964935303,1.355
3268,199901,0.800746738910675,34.9676170349121,17.0548877716064,1.355
3268,199902,0.441849440336227,36.6466751098633,24.4777069091797,1.276
3268,199903,3.27440333366394,47.7471466064453,37.9879264831543,1.3595
3268,199904,6.00561618804932,47.5327491760254,59.8643493652344,1.3795
3268,199905,11.759407043457,51.1104545593262,83.9633636474609,1.2455
3268,199906,14.4647531509399,95.1809463500977,102.028671264648,1.4335
3268,199907,18.5670890808105,51.1035003662109,136.01025390625,1.301
3268,199908,18.9372234344482,7.92977714538574,110.818656921387,1.268
3268,199909,13.7973623275757,109.977569580078,63.5073165893555,1.1495
3268,199910,8.77431869506836,141.532165527344,36.6753349304199,2.4775
3268,199911,1.4100569486618,47.6785163879395,17.0201778411865,2.226
3268,199912,0.718782007694244,40.5038528442383,14.244478225708,2.348
3268,200001,-1.65815031528473,11.2901010513306,16.1367034912109,2.14
3268,200002,4.28665971755981,4.33636426925659,32.4363975524902,1.666
3268,200003,4.4543251991272,29.2346477508545,43.402530670166,1.4335
3268,200004,4.76994228363037,122.17504119873,48.3024597167969,4.2915
3268,200005,11.9177951812744,91.0373992919922,85.1773529052734,5.3915
3268,200006,15.5035457611084,30.253345489502,108.417518615723,2.3955
3268,200007,17.7155323028564,6.77296304702759,129.946884155273,1.686
3268,200008,18.2048854827881,4.55304431915283,108.483512878418,1.327
3268,200009,14.6896152496338,14.024998664856,73.7959213256836,1.1245
3268,200010,8.06347560882568,104.082626342773,36.7049789428711,1.0525
3268,200011,2.79901456832886,95.2094802856445,16.4703426361084,1.136
3268,200012,2.36318421363831,117.709579467773,13.3564138412476,2.994
3268,200101,1.31650114059448,119.116638183594,13.8741865158081,9.664
3268,200102,1.1892911195755,39.5034332275391,24.1299686431885,7.912
3268,200103,6.16560077667236,138.243301391602,37.2164077758789,16.4785
3268,200104,6.26567316055298,16.6416511535645,59.8951873779297,4.3995
3268,200105,9.69837665557861,48.8928565979004,76.4878997802734,2.9045
3268,200106,16.2600154876709,7.08587455749512,115.088027954102,1.8475
3268,200107,17.5669002532959,17.1442108154297,129.860595703125,1.693
3268,200108,18.7151165008545,22.2288475036621,108.837539672852,1.618
3268,200109,13.3026142120361,58.2120361328125,67.8955230712891,1.2755
3268,200110,10.662805557251,58.1663436889648,40.6965408325195,1.5405
3268,200111,1.41243672370911,6.44361352920532,18.1521320343018,1.606
3268,200112,-1.758584856987,22.4655609130859,14.0236186981201,1.583
3268,200201,1.55266213417053,29.2877292633057,17.1747970581055,1.234
3268,200202,2.57033491134644,17.1665878295898,28.1529693603516,0.878
3268,200203,4.16313028335571,62.3915214538574,38.3358840942383,1.2335
3268,200204,5.84056997299194,74.5550689697266,60.8945617675781,2.3725
3268,200205,8.59056377410889,72.2889862060547,74.8771133422852,3.6705
3268,200206,15.8394641876221,77.1397018432617,107.483779907227,1.7805
3268,200207,16.7869911193848,8.48799514770508,128.072189331055,1.759
3268,200208,15.9493474960327,62.6188201904297,97.6606369018555,1.785
3268,200209,12.2741003036499,38.5830268859863,66.7664642333984,1.0385
3268,200210,9.16245555877686,102.665145874023,39.171272277832,1.6995
3268,200211,4.80396270751953,104.896369934082,17.896936416626,3.011
3268,200212,2.92735266685486,84.345085144043,12.9485187530518,4.672
3268,200301,-0.336468011140823,87.7113723754883,13.0763931274414,7.621
3268,200302,0.0662071853876114,54.1593246459961,20.7154064178467,5.361
3268,200303,4.93169355392456,52.2751808166504,43.4133148193359,5.5285
3268,200304,5.95004272460938,33.0075988769531,54.9397163391113,3.9395
3268,200305,11.120325088501,114.379753112793,86.0881729125977,7.4515
3268,200306,18.0092945098877,55.7290496826172,113.727310180664,3.0805
3268,200307,18.5308494567871,7.31302928924561,135.589157104492,1.855
3268,200308,19.6658325195312,33.8903694152832,114.181465148926,1.601
3268,200309,14.2404851913452,49.603199005127,68.19287109375,1.5635
3268,200310,7.67432165145874,166.418228149414,31.1869144439697,1.6195
3268,200311,5.2765941619873,58.0427169799805,20.5754222869873,2.821
3268,200312,1.41613364219666,27.0321292877197,14.2146482467651,2.219
3268,200401,1.97121131420135,25.7905158996582,16.7983455657959,1.983
3268,200402,0.996883869171143,46.3586692810059,25.7573547363281,1.88
3268,200403,2.20497345924377,68.8279190063477,34.3995208740234,2.8395
3268,200404,4.9363899230957,104.949584960938,52.1013221740723,5.9455
3268,200405,7.72980642318726,107.723907470703,67.1812515258789,9.2295
3268,200406,15.9022855758667,49.6297378540039,111.250312805176,3.6265
3268,200407,17.6246356964111,34.6513900756836,130.712829589844,1.922
3268,200408,17.2435913085938,20.3149757385254,103.193748474121,1.428
3268,200409,15.2354164123535,30.4761524200439,76.3560028076172,1.4125
3268,200410,10.0510263442993,71.7455673217773,39.143669128418,0.9885
3268,200411,2.9211688041687,33.986515045166,21.947582244873,1.409
3268,200412,0.496173143386841,41.4233932495117,13.0775899887085,1.428
3268,200501,-0.864998698234558,3.83209800720215,17.955602645874,1.184
3268,200502,-2.81348371505737,32.8421745300293,21.6365394592285,1.09
3268,200503,3.09004139900208,16.8785533905029,40.5473709106445,1.2855
3268,200504,7.14900493621826,23.891134262085,61.5280723571777,1.2405
3268,200505,12.480073928833,36.7668533325195,94.6070251464844,0.7445
3268,200506,17.2638607025146,69.7792739868164,118.287490844727,0.6795
3268,200507,19.0184097290039,4.7482705116272,142.987442016602,0.813
3268,200508,18.2073173522949,6.42571973800659,115.487060546875,0.923
3268,200509,13.180962562561,48.3102912902832,71.9841842651367,0.6325
3268,200510,9.98653602600098,45.1183891296387,43.0036430358887,0.3605
3268,200511,3.14395904541016,71.0831451416016,18.9978713989258,0.357
3268,200512,-0.415093928575516,78.1444320678711,13.9657363891602,0.593
3268,200601,-0.810600638389587,23.2302150726318,14.9828128814697,0.662
3268,200602,0.0877921655774117,57.8384208679199,25.51344871521,0.583
3268,200603,4.67663192749023,49.4548568725586,41.0258255004883,3.3715
3268,200604,8.26841068267822,57.5293159484863,67.0442504882812,2.0095
3268,200605,12.7596120834351,29.6119747161865,96.363037109375,1.6215
3268,200606,16.1538219451904,105.99927520752,114.320404052734,1.2715
3268,200607,19.5286617279053,48.4131355285645,138.263626098633,1.524
3268,200608,16.2346744537354,2.28224778175354,108.195465087891,1.022
3268,200609,14.9286508560181,99.8682479858398,70.574333190918,0.7895
3268,200610,11.4648857116699,82.0876617431641,41.5457382202148,1.0995
3268,200611,7.33523511886597,39.1141242980957,23.4202117919922,1.137
3268,200612,0.666004657745361,30.0213565826416,14.7348098754883,1.447
3268,200701,1.1748434305191,16.1720447540283,18.6684074401855,1.226
3268,200702,3.39932417869568,81.6158828735352,23.6089420318604,2.083
3268,200703,2.96816086769104,70.8246841430664,37.0540008544922,2.1375
3268,200704,6.92080354690552,93.856559753418,58.6312446594238,6.1985
3268,200705,10.4591417312622,89.7123870849609,82.4096603393555,3.4625
3268,200706,14.3448696136475,37.4567756652832,102.832046508789,2.2175
3268,200707,17.8620529174805,2.81628131866455,139.445953369141,1.568
3268,200708,17.4820384979248,14.0942707061768,109.516296386719,1.203
3268,200709,14.6694459915161,17.204273223877,73.4412460327148,1.0815
3268,200710,8.4004373550415,23.382417678833,42.7007789611816,0.7615
3268,200711,3.52079224586487,28.0068054199219,26.3359508514404,0.806
3268,200712,1.25625133514404,19.0695209503174,16.4642105102539,0.9
3268,200801,3.24366164207458,39.1480026245117,19.8521595001221,0.9
3268,200802,3.67564630508423,33.7047119140625,30.3706016540527,0.842
3268,200803,4.38695001602173,28.0072498321533,42.8515663146973,1.0455
3268,200804,7.55671119689941,162.557281494141,61.5660133361816,3.6815
3268,200805,9.7812385559082,131.516494750977,72.7854690551758,4.1075
3268,200806,14.0725736618042,72.6613616943359,99.1095199584961,5.0545
3268,200807,18.3301525115967,13.7504014968872,137.614135742188,2.512
3268,200808,18.8725242614746,11.5416917800903,114.003158569336,1.891
3268,200809,13.5594186782837,16.617733001709,68.3995056152344,1.3765
3268,200810,9.05664539337158,178.791870117188,39.8164901733398,1.4135
3268,200811,2.2264096736908,45.9488677978516,19.3965969085693,2.368
3268,200812,0.884951889514923,36.9371109008789,14.430871963501,2.965
3268,200901,-0.354145586490631,62.1586303710938,15.2167587280273,3.133
3268,200902,1.80947196483612,20.2237148284912,28.1864337921143,4.329
3268,200903,5.1235146522522,55.4724082946777,48.0649871826172,3.1515
3268,200904,5.26383781433105,71.3430709838867,55.904712677002,4.9795
3268,200905,12.7336568832397,29.9314956665039,98.1850204467773,3.0085
3268,200906,16.846227645874,14.7133026123047,116.674201965332,2.1755
3268,200907,20.2260417938232,1.61129260063171,144.896987915039,1.542
3268,200908,20.4710941314697,44.4864654541016,117.735359191895,1.741
3268,200909,14.2547302246094,45.6216316223145,67.4605865478516,1.3195
3268,200910,11.4061861038208,26.9691104888916,49.0258026123047,1.1515
3268,200911,6.64798831939697,24.4041328430176,24.1376724243164,0.896
3268,200912,1.86759948730469,237.209197998047,14.882622718811,4.685
3268,201001,0.196206822991371,75.0914001464844,13.761869430542,8.48
3268,201002,1.16311728954315,107.9814453125,21.5585479736328,7.61
3268,201003,2.85975408554077,69.1923446655273,35.8251495361328,7.7625
3268,201004,8.01491641998291,59.6765480041504,64.3368759155273,5.8885
3268,201005,8.91227531433105,81.1442260742188,75.9541397094727,6.1705
3268,201006,13.8724298477173,104.300880432129,95.5884246826172,3.3175
3268,201007,19.8292179107666,32.415096282959,142.765609741211,3.253
3268,201008,18.4831047058105,20.2316360473633,111.748046875,1.843
3268,201009,14.2138509750366,54.8948554992676,69.6024703979492,1.5805
